lat,lon,pH_pH_r_0_cm_p,pH_pH_r_100_cm_p,pH_pH_r_150_cm_p,pH_pH_r_15_cm_p,pH_pH_r_30_cm_p,pH_pH_r_5_cm_p,pH_pH_r_60_cm_p
25.9963889,-97.5713889,813,822,832,816,819,813,818
26.1869444,-98.3816667,807,817,816,812,812,805,808
27.64500046,-98.19999695,772,811,820,768,797,782,800
28.29999924,-99.3941667,692,761,776,703,703,702,748
28.45000076,-98.375,778,798,808,788,789,778,792
29.2691667,-103.3016667,714,-9999,-9999,714,730,730,731
29.5569444,-97.6838889,632,631,611,632,615,624,624
29.6091667,-100.4730556,800,-9999,-9999,803,800,795,-9999
29.6280556,-99.1805556,786,-9999,-9999,772,798,784,786
29.7561111,-96.4366667,585,603,643,593,602,595,606
29.8605556,-98.50749969,778,-9999,-9999,774,772,780,-9999
29.9344444,-98.0802778,740,-9999,-9999,757,754,767,756
30.0483333,-103.4902778,791,815,818,795,798,794,803
30.0647222,-97.9505556,765,-9999,-9999,755,763,756,777
30.0741667,-104.4538889,769,808,-9999,772,775,760,797
30.1063889,-95.6536111,541,544,556,562,562,543,540
30.1136111,-97.2616667,645,640,589,634,635,635,638
30.2086111,-97.8958333,771,-9999,-9999,778,778,779,766
30.2358333,-95.4827778,510,506,508,507,511,492,509
30.26250076,-98.6288889,759,-9999,-9999,758,754,762,754
30.2713889,-100.5683333,772,-9999,-9999,775,783,762,806
30.3305556,-97.9397222,782,-9999,-9999,779,784,783,-9999
30.3716667,-97.8783333,794,-9999,-9999,790,795,789,769
30.4444444,-99.7972222,789,-9999,-9999,788,791,795,802
30.4586111,-94.3869444,436,469,467,474,461,440,477
30.4608333,-102.8799973,805,-9999,-9999,804,812,807,805
30.4816667,-101.8066667,820,822,817,816,818,819,817
30.5033333,-98.4194444,726,-9999,-9999,731,733,723,-9999
30.5511111,-96.2416667,600,666,-9999,579,558,602,558
30.5958333,-103.9230556,714,-9999,-9999,706,-9999,714,-9999
30.5991667,-104.1330556,693,-9999,-9999,691,603,696,618
30.61750031,-95.5322222,579,571,580,573,578,566,568
30.6283333,-93.8227778,500,470,457,493,483,488,480
30.7397222,-94.4311111,536,510,502,535,524,533,532
30.8216667,-99.2283333,673,710,-9999,660,672,663,670
30.9861111,-101.1575012,806,805,804,797,801,804,808
31.0530556,-98.4994444,713,-9999,-9999,706,718,711,-9999
31.3091667,-94.82499695,550,542,540,540,539,550,528
31.3277778,-95.4094444,540,542,561,543,509,534,506
31.32999992,-97.47000122,778,800,-9999,780,795,785,788
31.3702778,-111.0144444,758,759,768,782,773,766,760
31.4416667,-94.0902778,545,420,421,545,454,545,454
31.4486111,-110.2844444,715,-9999,-9999,719,714,709,697
31.46500015,-100.5083333,817,816,-9999,807,812,804,811
31.4788889,-109.9616667,715,-9999,-9999,720,722,706,-9999
31.5,-109.0333333,745,-9999,-9999,747,-9999,741,-9999
31.5033333,-102.3455556,764,767,761,766,767,762,778
31.5058333,-99.6597222,771,791,-9999,772,770,762,778
31.6447222,-98.9566667,783,-9999,-9999,778,774,781,760
31.67499924,-110.8799973,696,-9999,-9999,708,689,700,647
31.7272222,-110.8752778,714,-9999,-9999,712,718,712,675
31.75,-109.3333333,723,-9999,-9999,729,705,722,647
31.7741667,-95.6622222,593,549,497,587,563,605,568
31.8666667,-109.9333333,715,-9999,-9999,736,740,730,-9999
31.8833333,-109.1500015,714,-9999,-9999,722,708,725,-9999
31.8836111,-97.7055556,774,800,-9999,778,779,776,801
31.90500069,-104.8044444,789,805,-9999,797,798,790,799
31.9061111,-100.5816667,758,807,798,768,782,774,788
32.1666667,-94.80999756,543,507,497,535,516,550,494
32.1794444,-103.7219444,741,758,773,743,745,740,745
32.2038889,-104.6897222,727,-9999,-9999,766,775,774,-9999
32.2291667,-101.4869444,785,-9999,-9999,794,788,783,792
32.3030556,-110.5808333,727,758,-9999,732,742,731,743
32.3527778,-100.0899963,775,814,817,789,791,783,796
32.4577778,-97.8241667,750,760,-9999,754,758,754,762
32.4811111,-110.7249985,704,-9999,-9999,713,698,704,-9999
32.50249863,-104.2091667,766,762,776,758,765,759,776
32.5566667,-110.2297222,726,795,785,734,751,713,756
32.5616667,-94.29750061,527,491,494,522,509,528,496
32.59999847,-110.7624969,724,-9999,-9999,724,708,726,712
32.6241667,-116.5650024,668,-9999,-9999,659,666,660,660
32.6261111,-109.8358333,669,-9999,-9999,673,610,669,615
32.6469444,-116.3166667,674,-9999,-9999,671,668,669,662
32.6655556,-109.7955556,721,-9999,-9999,730,727,729,-9999
32.7033333,-109.9116667,611,627,-9999,611,594,593,589
32.7111111,-114.5480556,827,827,827,825,824,824,825
32.7536111,-110.0522222,703,-9999,-9999,710,669,712,-9999
32.7541667,-96.1327778,646,702,731,637,643,638,657
32.7627778,-95.2519444,537,497,494,530,526,542,508
32.7794444,-105.8188889,698,-9999,-9999,710,719,695,689
32.7844444,-116.4000015,649,-9999,-9999,643,663,643,-9999
32.8569444,-116.6222222,638,-9999,-9999,631,649,634,640
32.8655556,-116.6177778,648,-9999,-9999,636,657,639,631
32.8655556,-98.5572222,765,-9999,-9999,769,752,754,766
32.8908333,-109.3252778,710,-9999,-9999,714,-9999,715,-9999
32.9211111,-105.4627778,742,755,-9999,765,769,758,779
32.9213889,-105.8349991,723,-9999,-9999,732,746,720,714
32.9227778,-99.2230556,788,806,789,777,783,779,794
32.99499893,-108.0669444,724,698,-9999,725,719,716,695
32.9966667,-94.3488889,541,478,485,543,511,543,492
33.0027778,-116.9613889,624,-9999,-9999,630,654,626,660
33.0480556,-101.0849991,782,788,811,773,793,781,797
33.2644444,-109.3677778,717,-9999,-9999,719,724,718,-9999
33.2716667,-116.6388889,654,-9999,-9999,662,680,668,675
33.3266667,-110.7666667,706,-9999,-9999,709,708,701,724
33.3505556,-105.6763889,718,744,-9999,743,753,733,731
33.3552778,-97.5947222,706,675,-9999,691,693,718,664
33.42750168,-117.1183333,660,714,-9999,667,682,669,690
33.45750046,-117.1711111,642,-9999,-9999,662,677,655,703
33.5,-117.5166667,649,749,-9999,664,703,661,716
33.5483333,-116.7174988,651,683,-9999,639,644,639,677
33.5511111,-117.7855556,686,-9999,-9999,717,734,710,745
33.6166667,-116.6208333,675,-9999,-9999,669,673,667,670
33.6413889,-117.2394444,655,-9999,-9999,666,670,665,-9999
33.6483333,-109.3094444,621,624,-9999,645,646,651,622
33.66249847,-117.4172222,664,-9999,-9999,670,697,661,-9999
33.6911111,-108.5747222,659,-9999,-9999,669,669,669,655
33.6922222,-110.5716667,697,716,-9999,695,703,703,713
33.6938889,-109.0716667,699,688,-9999,703,695,704,689
33.6988889,-95.0580556,563,536,568,548,548,557,538
33.7083333,-116.7708333,664,-9999,-9999,657,671,668,667
33.7091667,-116.7663889,671,-9999,-9999,660,670,670,-9999
33.7216667,-116.7225037,656,-9999,-9999,657,661,656,-9999
33.7347222,-108.9508333,681,-9999,-9999,694,676,688,670
33.7377778,-95.91750336,605,572,595,589,593,595,570
33.7416667,-108.4780556,673,-9999,-9999,684,685,678,676
33.7480556,-117.4813889,674,724,719,687,707,685,716
33.7547222,-117.6708333,688,-9999,-9999,693,721,686,730
33.7633333,-98.38999939,717,772,777,724,740,720,765
33.7938889,-116.9261111,719,755,-9999,696,724,728,743
33.8513889,-116.8255556,660,-9999,-9999,648,659,658,-9999
33.8538889,-111.4475021,736,759,-9999,731,739,737,752
33.8586111,-109.0824966,700,707,-9999,714,705,706,700
33.8616667,-109.0830556,686,693,-9999,700,702,702,689
33.8913889,-107.4908333,648,-9999,-9999,677,666,676,654
33.9055556,-116.8813889,670,-9999,-9999,671,679,660,682
33.9055556,-116.9988889,662,-9999,-9999,659,664,652,694
33.9208333,-111.1908333,722,-9999,-9999,717,696,713,699
33.9577778,-109.0191667,715,718,-9999,715,717,712,713
33.9580556,-102.7808333,786,808,823,794,803,796,803
34.0336111,-109.4522222,698,695,-9999,698,710,704,689
34.0605556,-108.4449997,700,-9999,-9999,706,689,700,681
34.0788889,-118.6447222,629,-9999,-9999,677,669,660,702
34.0844444,-118.8625031,656,-9999,-9999,679,690,681,729
34.0933333,-118.5977778,672,-9999,-9999,700,714,698,721
34.1011111,-118.6549988,687,-9999,-9999,720,709,689,722
34.1108333,-118.9372222,646,-9999,-9999,672,655,657,-9999
34.1111111,-99.75499725,755,824,-9999,767,772,755,805
34.1247222,-118.3688889,674,-9999,-9999,698,703,693,721
34.1441667,-100.3627778,751,786,792,755,759,731,761
34.1652778,-117.8649979,660,-9999,-9999,668,678,663,-9999
34.1658333,-117.8613889,665,-9999,-9999,672,673,668,685
34.1716667,-118.8822222,703,773,-9999,719,714,712,739
34.1883333,-117.1777778,657,-9999,-9999,661,665,670,662
34.1897222,-116.8905556,668,664,-9999,665,672,669,663
34.1927778,-117.4311111,662,699,-9999,665,677,674,675
34.2138889,-112.7522222,723,-9999,-9999,737,742,730,-9999
34.23249817,-118.6658333,673,-9999,-9999,687,686,688,-9999
34.2330556,-105.7961111,690,725,-9999,706,717,707,711
34.2338889,-117.6638889,633,-9999,-9999,643,624,644,633
34.2391667,-110.3188889,647,663,-9999,639,674,639,672
34.2422222,-111.3058333,708,-9999,-9999,705,710,703,721
34.2466667,-118.3027778,698,-9999,-9999,707,714,701,724
34.2611111,-118.1149979,656,-9999,-9999,653,649,654,-9999
34.2888889,-117.3625031,664,-9999,-9999,672,667,662,667
34.3063889,-118.7102778,715,-9999,-9999,731,740,714,742
34.3219444,-118.3177778,674,-9999,-9999,672,656,673,677
34.3444444,-110.8330556,640,656,-9999,652,636,634,650
34.3847222,-110.9886111,629,596,-9999,626,626,618,592
34.40000153,-119.3788889,655,-9999,-9999,668,666,666,715
34.42499924,-118.0894444,676,-9999,-9999,675,677,678,675
34.4413889,-119.0983333,659,-9999,-9999,666,660,647,667
34.4438889,-112.5477778,704,-9999,-9999,708,699,701,711
34.44749832,-119.1352778,672,669,-9999,659,675,642,675
34.4563889,-111.4063889,612,601,-9999,638,632,644,594
34.46749878,-112.2669444,726,-9999,-9999,732,729,723,743
34.4713889,-118.9108333,662,-9999,-9999,663,675,668,-9999
34.4808333,-118.0697222,693,-9999,-9999,696,700,692,708
34.4861111,-118.4727778,694,-9999,-9999,697,689,696,693
34.4980556,-119.7891667,563,-9999,-9999,-9999,-9999,554,-9999
34.50999832,-118.5944444,682,-9999,-9999,688,688,690,692
34.5119444,-119.8055556,589,-9999,-9999,561,560,567,-9999
34.5433333,-118.5613889,686,-9999,-9999,683,681,681,-9999
34.5505556,-119.1763889,649,-9999,-9999,658,646,667,-9999
34.5541667,-119.7672222,702,-9999,-9999,704,712,705,705
34.5661111,-106.3886111,704,735,-9999,728,730,730,726
34.5716667,-118.6777778,683,-9999,-9999,681,680,688,-9999
34.5852778,-118.3041667,675,-9999,-9999,677,676,676,682
34.5852778,-118.3602778,693,696,-9999,688,681,682,695
34.5919444,-112.0444444,721,-9999,-9999,719,735,707,719
34.6008333,-112.5408333,699,-9999,-9999,698,698,694,708
34.6091667,-111.1847222,684,-9999,-9999,692,701,699,691
34.6233333,-106.4116667,625,-9999,-9999,671,676,650,671
34.66500092,-119.9394444,653,646,-9999,664,666,669,678
34.6783333,-119.3097222,691,-9999,-9999,681,683,699,-9999
34.7013889,-118.8186111,682,685,-9999,684,694,690,683
34.72000122,-111.0908333,747,721,-9999,744,741,737,709
34.8244444,-118.9369444,666,-9999,-9999,681,678,671,681
34.8286111,-118.9369444,671,-9999,-9999,676,669,659,-9999
34.9144444,-111.7258333,708,-9999,-9999,716,714,697,711
34.9380556,-101.6538889,794,808,813,795,806,795,806
34.9655556,-108.5866667,713,-9999,-9999,724,726,722,753
34.9891667,-106.3544444,722,-9999,-9999,738,759,741,749
35.0861111,-113.8727778,730,-9999,-9999,732,735,727,-9999
35.0969444,-118.4911111,685,695,719,691,700,697,702
35.1088889,-120.0763889,685,-9999,-9999,671,684,676,-9999
35.1369444,-112.1188889,700,-9999,-9999,702,693,690,706
35.1408333,-108.9413889,762,792,-9999,764,765,764,778
35.16749954,-106.3727778,695,-9999,-9999,725,731,723,729
35.1933333,-120.4449997,621,-9999,-9999,621,626,624,-9999
35.1966667,-82.6088889,508,513,-9999,508,506,504,493
35.2538889,-120.7074966,626,-9999,-9999,642,633,639,633
35.2736111,-112.3611111,746,-9999,-9999,748,748,741,752
35.2936111,-112.0550003,711,717,-9999,703,718,707,712
35.3577778,-120.2297222,698,-9999,-9999,693,685,694,682
35.3730556,-111.9672222,699,702,-9999,706,728,703,707
35.40999985,-120.5422222,657,-9999,-9999,656,677,674,663
35.4630556,-120.7488889,641,-9999,-9999,649,648,640,634
35.6133333,-105.7308333,660,-9999,-9999,688,703,696,705
35.66500092,-105.4344444,643,691,-9999,665,682,659,678
35.6794444,-118.4811111,684,-9999,-9999,686,693,684,-9999
35.6866667,-105.8602778,625,-9999,-9999,695,696,697,700
35.7602778,-109.1669444,694,-9999,-9999,708,695,700,710
35.7797222,-106.7944444,664,-9999,-9999,732,731,719,731
35.8458333,-106.6130556,598,697,-9999,692,699,678,699
35.8880556,-111.9427778,671,-9999,-9999,670,697,669,687
35.9302778,-100.2730556,720,753,744,711,733,709,739
35.9508333,-121.0008333,653,-9999,-9999,667,655,663,-9999
35.9666667,-120.4730556,683,-9999,-9999,704,675,706,677
35.99499893,-106.8183333,612,695,-9999,683,672,657,692
35.9983333,-121.3852778,641,-9999,-9999,649,652,652,-9999
36.00749969,-121.4499969,632,-9999,-9999,640,635,648,-9999
36.04750061,-105.7361111,642,675,-9999,674,669,668,671
36.0686111,-105.8072222,682,759,754,726,748,719,756
36.0769444,-108.8605556,671,-9999,-9999,684,687,676,674
36.0791667,-115.5350037,798,-9999,-9999,810,815,807,-9999
36.0816667,-115.5619444,818,-9999,-9999,813,828,818,-9999
36.1230556,-115.4641667,811,839,833,815,815,812,827
36.1441667,-106.7441667,571,683,-9999,671,676,661,673
36.1541667,-113.5416667,727,779,-9999,744,744,726,752
36.1822222,-115.5022222,809,-9999,-9999,808,821,813,-9999
36.2091667,-120.5119444,671,-9999,-9999,681,680,677,-9999
36.2091667,-105.7574997,715,-9999,-9999,743,754,733,768
36.2136111,-105.7591667,723,790,-9999,757,760,738,779
36.2155556,-112.0605556,617,-9999,-9999,623,628,646,632
36.2283333,-81.2988889,504,527,-9999,505,500,508,493
36.2308333,-111.9808333,626,597,-9999,621,618,649,605
36.2419444,-106.7361111,604,-9999,-9999,670,673,659,686
36.2538889,-115.6455556,706,758,-9999,737,720,737,738
36.2611111,-115.6158333,715,770,-9999,747,766,748,761
36.2713889,-107.5650024,777,814,-9999,797,801,791,810
36.2722222,-118.7558333,640,614,-9999,641,621,633,626
36.29499817,-106.7766667,604,709,-9999,681,684,668,704
36.3052778,-115.8083333,814,808,807,813,813,815,804
36.3416667,-106.2647222,697,-9999,-9999,733,743,724,761
36.3447222,-115.6505556,706,-9999,-9999,778,781,765,784
36.3519444,-112.2324982,633,598,-9999,618,609,632,608
36.3527778,-106.2955556,627,-9999,-9999,695,693,687,706
36.3530556,-113.1580556,702,720,-9999,728,726,713,728
36.3794444,-112.1549988,647,634,-9999,659,648,646,633
36.3847222,-121.5502778,657,-9999,-9999,657,641,644,634
36.4108333,-106.5572222,721,769,-9999,722,736,728,748
36.4169444,-106.1772222,652,728,-9999,698,699,691,713
36.42250061,-106.7938889,651,737,-9999,701,722,701,702
36.4488889,-112.2441667,664,662,669,669,675,662,658
36.4622222,-112.1247222,650,641,-9999,669,661,671,647
36.4622222,-118.6322222,612,587,-9999,603,594,608,597
36.4922222,-118.8294444,640,-9999,-9999,632,647,634,618
36.5108333,-118.8052778,633,-9999,-9999,632,632,636,634
36.5144444,-112.1677778,651,636,-9999,663,653,663,627
36.5277778,-106.4458333,673,740,-9999,695,712,686,721
36.5447222,-121.1608333,634,657,-9999,644,656,650,645
36.5722222,-112.2558333,636,652,-9999,639,655,648,641
36.5911111,-121.9363889,616,605,-9999,623,618,611,613
36.6030556,-112.3702778,627,-9999,-9999,631,617,629,650
36.6047222,-118.7683333,611,-9999,-9999,562,566,596,563
36.6244444,-113.6919444,798,-9999,-9999,808,812,804,808
36.6272222,-107.2133333,685,752,-9999,715,723,714,726
36.66749954,-105.6397222,723,-9999,-9999,755,751,736,779
36.70000076,-113.6999969,799,-9999,-9999,803,806,799,-9999
36.7016667,-112.2152778,619,-9999,-9999,630,626,617,642
36.7086111,-106.1844444,615,658,-9999,663,671,657,670
36.7336111,-105.4969444,623,-9999,-9999,641,641,637,647
36.7472222,-118.9766667,596,569,-9999,579,572,595,587
36.7794444,-121.4686111,618,-9999,-9999,643,628,632,619
36.7813889,-112.2616667,650,-9999,-9999,655,653,649,673
36.7886111,-112.3044444,738,770,-9999,739,767,742,768
36.7919444,-118.6611111,613,-9999,-9999,629,611,615,-9999
36.7988889,-107.2311111,681,-9999,-9999,708,719,703,724
36.8097222,-107.4763889,775,-9999,-9999,784,789,784,-9999
36.8611111,-107.8869444,795,820,-9999,809,810,807,819
36.9191667,-112.2002778,768,767,-9999,771,780,761,771
36.9563889,-119.2074966,625,-9999,-9999,620,617,631,593
36.9705556,-107.2869444,669,734,-9999,689,706,696,701
36.9861111,-107.3024979,639,722,-9999,685,694,687,695
37.0041667,-121.8155556,609,601,-9999,617,606,619,609
37.0122222,-119.2352778,592,565,-9999,591,575,600,568
37.0222222,-106.2052778,681,728,-9999,705,712,690,713
37.0261111,-119.2508333,583,567,-9999,583,569,592,563
37.0336111,-119.3852778,610,-9999,-9999,611,609,612,593
37.0338889,-108.2605556,753,-9999,-9999,775,779,765,787
37.0433333,-119.4038889,611,-9999,-9999,615,603,617,601
37.0511111,-122.1377778,596,-9999,-9999,613,611,617,604
37.06000137,-102.6299973,760,791,794,765,771,755,780
37.0730556,-107.7533333,742,760,-9999,749,757,748,758
37.0736111,-101.6708333,731,766,790,744,752,739,759
37.0861111,-122.0669444,609,-9999,-9999,615,619,616,591
37.0905556,-107.3211111,629,-9999,-9999,687,676,664,686
37.1036111,-119.3072222,603,570,-9999,582,566,590,561
37.1205556,-101.9038889,753,792,798,760,771,744,769
37.13999939,-121.8874969,548,-9999,-9999,618,614,626,628
37.1458333,-103.0074997,751,825,827,760,780,753,793
37.1480556,-119.2661111,587,570,-9999,586,573,595,576
37.1763889,-119.5897222,628,-9999,-9999,632,634,637,628
37.1980556,-119.4197222,592,-9999,-9999,596,580,597,567
37.2108333,-121.9538889,551,640,-9999,654,635,643,618
37.24499893,-122.1102778,521,-9999,-9999,547,547,558,548
37.2605556,-118.3672222,759,771,784,769,784,754,803
37.2797222,-108.7541667,728,756,-9999,749,741,732,752
37.2858333,-113.3997222,764,-9999,-9999,764,781,761,765
37.3438889,-121.6080556,633,-9999,-9999,642,639,646,-9999
37.3583333,-108.4994444,769,814,820,784,787,768,808
37.3786111,-113.4808333,698,741,758,730,730,719,740
37.3852778,-113.4827778,715,756,777,739,739,728,758
37.3955556,-113.2638889,760,784,-9999,770,779,753,768
37.4180556,-119.6291667,588,566,-9999,580,580,582,569
37.4527778,-113.2972222,752,777,790,748,768,751,751
37.4761111,-119.7597222,583,560,-9999,585,575,589,565
37.4777778,-114.5391667,745,-9999,-9999,743,749,741,-9999
37.4872222,-122.3641667,601,-9999,-9999,619,626,614,609
37.4886111,-122.3188889,600,-9999,-9999,633,632,627,637
37.5047222,-108.4599991,681,765,-9999,712,708,709,729
37.52249908,-109.8894444,793,840,-9999,817,820,802,822
37.54499817,-112.5752778,726,755,-9999,759,760,747,745
37.5472222,-113.7174988,758,807,809,774,785,756,794
37.5666667,-119.9250031,584,576,-9999,601,594,604,576
37.5736111,-112.7986111,642,687,-9999,679,670,674,685
37.5852778,-108.9191667,763,811,-9999,791,797,767,810
37.5908333,-103.6363889,788,813,816,797,796,780,800
37.5969444,-108.4199982,651,713,-9999,685,693,689,692
37.6202778,-118.8408333,657,687,674,671,672,666,675
37.6561111,-103.5875015,787,-9999,-9999,803,810,793,820
37.67250061,-112.2072222,737,790,812,741,766,738,786
37.69499969,-104.0327778,805,-9999,-9999,824,827,802,822
37.6983333,-120.1169444,571,-9999,-9999,593,579,602,574
37.7263889,-105.5105556,748,778,788,759,776,760,780
37.7352778,-119.0002778,616,639,-9999,627,643,631,645
37.7936111,-122.1430556,618,635,-9999,637,619,627,624
37.7938889,-106.7813889,597,656,-9999,627,664,607,654
37.7991667,-108.7930556,714,751,-9999,727,745,725,751
37.8122222,-120.2675018,605,-9999,-9999,619,596,628,595
37.8166667,-122.0455556,615,-9999,-9999,638,625,635,617
37.8547222,-109.8388889,696,724,-9999,719,715,705,727
37.8613889,-111.6591667,774,825,-9999,789,791,787,798
37.8616667,-105.2841667,694,-9999,-9999,697,707,687,726
37.8636111,-119.0880556,660,694,692,668,677,666,681
37.9033333,-111.6922222,729,767,-9999,762,749,738,757
37.9133333,-122.5800018,610,-9999,-9999,626,605,623,606
37.9136111,-121.8516667,658,-9999,-9999,675,694,663,705
37.9469444,-114.3824997,804,881,895,838,867,804,867
37.9666667,-111.8333333,592,687,688,678,677,665,687
37.9905556,-112.6308333,740,792,-9999,738,755,742,772
38.0027778,-105.0561111,603,-9999,-9999,653,644,633,650
38.0033333,-120.3516667,581,566,-9999,603,593,596,575
38.0158333,-111.3202778,695,761,749,734,744,726,749
38.0236111,-113.5416667,786,853,-9999,800,820,788,841
38.0455556,-110.8249969,726,-9999,-9999,725,743,721,755
38.0519444,-112.1736111,620,675,679,671,661,662,685
38.1022222,-120.4538889,604,-9999,-9999,605,611,609,600
38.1147222,-120.7900009,607,-9999,-9999,592,620,598,-9999
38.1255556,-119.1816667,647,-9999,-9999,664,663,645,665
38.1380556,-105.6005556,650,662,-9999,669,663,655,676
38.1669444,-120.1105556,590,-9999,-9999,593,577,596,582
38.1733333,-119.3258333,656,666,657,666,670,661,660
38.1872222,-108.2130556,651,725,-9999,694,707,691,706
38.19250107,-120.1230556,583,561,-9999,585,573,589,578
38.2072222,-104.9977778,765,-9999,-9999,785,794,765,797
38.2097222,-106.5491667,612,651,-9999,642,644,614,655
38.2213889,-109.2736111,778,-9999,-9999,813,-9999,796,-9999
38.2416667,-78.7122222,490,-9999,-9999,493,500,499,496
38.30500031,-107.9638889,674,755,-9999,717,715,701,738
38.3138889,-108.1955556,587,631,646,635,642,615,623
38.3316667,-107.0897222,694,-9999,-9999,713,726,702,729
38.3394444,-112.8052778,736,-9999,-9999,752,760,737,763
38.34500122,-120.2283333,595,-9999,-9999,578,568,588,566
38.3455556,-105.4519444,710,814,-9999,723,770,713,808
38.3891667,-106.5308333,691,-9999,-9999,713,729,702,758
38.3905556,-120.6324997,597,-9999,-9999,621,617,622,605
38.3933333,-105.8122222,729,741,-9999,745,739,732,755
38.4113889,-120.8863889,611,-9999,-9999,619,611,616,-9999
38.4222222,-106.1322222,681,701,-9999,692,688,684,709
38.43000031,-105.7072222,700,-9999,-9999,703,711,697,712
38.4397222,-106.3755556,635,-9999,-9999,667,671,651,676
38.4480556,-119.4899979,639,640,-9999,642,647,649,641
38.4594444,-109.0469444,703,746,-9999,745,746,731,743
38.4961111,-119.1986111,703,752,730,710,712,716,737
38.4969444,-122.6133333,596,-9999,-9999,615,607,612,591
38.5405556,-105.2038889,734,-9999,-9999,757,760,733,779
38.5419444,-107.6872222,711,758,-9999,735,728,719,752
38.5480556,-117.0350037,761,-9999,-9999,757,780,757,-9999
38.5644444,-122.4036111,607,-9999,-9999,617,608,613,608
38.5677778,-105.9830556,756,-9999,-9999,762,781,751,785
38.5683333,-120.2669444,593,-9999,-9999,582,582,590,556
38.5697222,-122.6280556,594,-9999,-9999,599,590,591,582
38.6055556,-120.5841667,561,553,-9999,578,571,571,562
38.6069444,-105.9366667,701,-9999,-9999,698,712,703,719
38.6319444,-112.0611111,718,-9999,-9999,740,753,743,774
38.6333333,-122.5950012,590,-9999,-9999,610,599,603,606
38.6638889,-112.6833333,810,-9999,-9999,817,836,802,841
38.66749954,-78.375,502,517,-9999,500,518,500,504
38.6694444,-105.3547222,677,-9999,-9999,685,688,679,701
38.67250061,-106.1619444,683,705,-9999,690,695,683,697
38.6986111,-105.4800034,642,-9999,-9999,667,653,665,-9999
38.7158333,-120.2200012,601,-9999,-9999,592,575,600,569
38.7594444,-119.9269444,586,609,-9999,604,600,601,591
38.7608333,-122.7577778,609,-9999,-9999,618,595,598,597
38.7627778,-120.6686111,566,547,-9999,590,575,582,552
38.7644444,-108.6327778,707,-9999,-9999,734,732,718,755
38.7708333,-111.8625031,781,824,-9999,786,794,779,793
38.7758333,-122.8208333,597,-9999,-9999,606,612,607,588
38.7872222,-121.0413889,614,-9999,-9999,622,632,624,615
38.7911111,-104.8994444,640,-9999,-9999,664,665,676,-9999
38.7994444,-120.4661111,596,573,-9999,594,592,598,569
38.8161111,-120.8958333,616,-9999,-9999,623,649,623,624
38.8183333,-105.6497222,672,-9999,-9999,677,682,669,691
38.8236111,-105.9994444,697,-9999,-9999,697,712,699,722
38.8319444,-106.2125015,714,765,-9999,730,749,717,755
38.8411111,-115.2852778,751,-9999,-9999,760,777,753,792
38.8491667,-114.8238889,800,844,844,814,820,797,821
38.86000061,-122.7697222,616,-9999,-9999,612,630,616,621
38.8908333,-120.7647222,576,557,-9999,584,582,575,559
38.9011111,-107.6197222,763,-9999,-9999,772,781,776,790
38.9055556,-120.7083333,581,561,-9999,589,584,578,562
38.9119444,-106.6177778,605,609,-9999,626,635,603,622
38.9147222,-121.0508333,620,-9999,-9999,619,629,631,604
38.9180556,-114.9569444,812,847,849,822,837,816,832
38.9186111,-105.3966667,676,-9999,-9999,687,702,690,713
38.9202778,-122.7213889,648,-9999,-9999,647,626,649,640
38.9233333,-121.0252778,617,-9999,-9999,622,626,625,605
38.9322222,-119.6486111,691,746,764,709,740,694,745
38.9322222,-119.9719444,588,603,597,582,584,574,569
38.9588889,-120.0816667,596,597,-9999,604,609,596,594
38.95999908,-122.6324997,662,676,695,671,686,671,683
38.9761111,-119.8622222,633,633,-9999,636,630,635,632
38.9791667,-112.2394444,731,735,-9999,742,753,746,759
38.9791667,-105.3383333,646,698,-9999,673,675,682,685
38.97999954,-105.3477778,660,-9999,-9999,684,695,680,712
38.9938889,-108.2552778,783,814,-9999,781,793,783,800
38.9955556,-119.8949966,594,584,-9999,599,586,616,575
39.0116667,-120.7577778,591,-9999,-9999,597,584,602,576
39.0286111,-106.0419444,625,653,-9999,642,637,646,644
39.0313889,-122.4508333,656,-9999,-9999,664,662,660,640
39.0355556,-122.4547222,662,-9999,-9999,664,662,665,641
39.0358333,-106.0136111,691,739,-9999,688,711,687,745
39.05250168,-120.5552778,592,-9999,-9999,595,589,589,564
39.0713889,-104.9175034,622,-9999,-9999,663,681,672,676
39.0936111,-119.8288889,666,-9999,-9999,670,684,664,-9999
39.0977778,-119.9044444,618,629,-9999,640,635,636,617
39.1083333,-105.1052778,671,672,-9999,652,651,693,660
39.1088889,-105.0366667,589,-9999,-9999,622,606,644,-9999
39.1238889,-120.8038889,576,558,539,583,586,584,567
39.1244444,-123.1255556,607,619,-9999,626,620,621,610
39.1272222,-123.1200027,612,-9999,-9999,612,610,617,606
39.1283333,-123.1047222,609,-9999,-9999,618,618,614,604
39.1397222,-105.5999985,624,651,-9999,638,654,641,639
39.15250015,-120.9233333,585,553,-9999,582,571,595,562
39.1583333,-106.3461111,682,726,-9999,691,701,673,739
39.1591667,-105.5094444,663,678,-9999,665,671,658,671
39.1691667,-114.9716667,789,771,-9999,783,791,780,811
39.1802778,-120.5030556,594,-9999,-9999,593,578,593,569
39.1805556,-122.1722222,719,782,789,786,809,725,774
39.2066667,-120.8411111,592,559,-9999,588,569,594,572
39.2072222,-119.7219444,711,-9999,-9999,755,764,736,717
39.2516667,-105.2411111,669,-9999,-9999,692,692,693,712
39.25249863,-106.3586111,607,659,-9999,633,642,610,650
39.2613889,-120.6516667,603,-9999,-9999,606,604,595,574
39.2644444,-122.8694444,594,577,-9999,579,569,596,564
39.2647222,-122.9308333,605,-9999,-9999,611,598,608,-9999
39.2719444,-119.9616667,601,610,-9999,612,608,610,595
39.2894444,-109.2355556,818,-9999,-9999,834,827,818,843
39.3027778,-121.1097222,588,592,-9999,598,595,602,593
39.3097222,-114.9824982,800,-9999,-9999,816,823,807,819
39.3119444,-105.5508333,604,617,-9999,614,619,614,623
39.3205556,-107.1347222,697,755,-9999,738,745,716,752
39.3266667,-111.3327778,653,721,-9999,679,703,678,733
39.3269444,-121.1111111,581,581,-9999,590,578,595,564
39.3294444,-121.2600021,589,-9999,-9999,593,591,597,574
39.3305556,-121.1122222,576,559,-9999,590,570,588,558
39.3361111,-110.6014167,799,-9999,-9999,821,830,809,845
39.3397222,-120.2733333,585,-9999,-9999,614,598,607,602
39.3455556,-111.2724991,713,788,788,764,764,746,776
39.34999847,-113.3666667,822,-9999,-9999,829,835,830,-9999
39.3561111,-122.6416667,648,-9999,-9999,636,648,650,-9999
39.3644444,-108.3658333,786,-9999,-9999,791,809,785,824
39.3683333,-122.6149979,642,654,-9999,637,638,649,628
39.3738889,-105.3399963,619,-9999,-9999,634,639,651,651
39.3833333,-109.1500015,784,-9999,-9999,807,-9999,798,-9999
39.3897222,-105.1016667,607,-9999,-9999,634,646,657,649
39.4258333,-105.8891667,616,647,-9999,634,622,618,623
39.4336111,-122.9738889,606,594,-9999,597,603,611,600
39.4463889,-120.2188889,614,551,-9999,613,566,617,556
39.4505556,-105.1166667,647,-9999,-9999,680,683,687,703
39.4536111,-107.7847222,721,768,777,745,750,730,763
39.4566667,-108.7888889,786,-9999,-9999,810,803,793,830
39.4583333,-116.9933333,737,-9999,-9999,745,753,733,739
39.4622222,-115.9355556,769,-9999,-9999,771,769,770,776
39.47249985,-120.0980556,614,-9999,-9999,622,611,626,603
39.4913889,-115.9913889,786,-9999,-9999,788,785,781,-9999
39.4986111,-114.7399979,826,861,855,840,843,822,854
39.5036111,-121.2122222,595,579,-9999,595,598,603,591
39.5130556,-120.1650009,607,-9999,-9999,631,619,627,589
39.5183333,-107.7227778,792,837,-9999,811,813,793,823
39.52249908,-117.0541667,719,-9999,-9999,719,732,716,747
39.5233333,-105.7305556,621,652,-9999,654,643,617,647
39.52500153,-120.3277778,602,592,-9999,620,605,603,589
39.5438889,-107.2972222,717,767,-9999,742,748,725,760
39.56000137,-105.9863889,616,645,654,642,636,614,648
39.5638889,-120.0494444,616,641,-9999,642,643,637,609
39.5652778,-107.4111111,750,-9999,-9999,757,780,750,762
39.5738889,-121.3058333,607,585,-9999,601,591,609,567
39.5833333,-112,823,863,867,831,838,822,856
39.5838889,-106.7866667,734,784,783,749,746,732,756
39.5997222,-122.5291667,625,-9999,-9999,636,645,635,643
39.6072222,-120.4802778,603,-9999,-9999,612,609,600,598
39.6186111,-120.0116667,671,674,-9999,669,676,671,668
39.6194444,-105.4730556,620,-9999,-9999,634,633,640,-9999
39.63999939,-120.4352778,603,605,613,623,612,606,607
39.6488889,-122.7305556,594,564,-9999,583,572,580,564
39.6541667,-121.4627778,614,580,-9999,597,593,604,573
39.65750122,-122.7186111,603,-9999,-9999,573,568,577,561
39.65750122,-110.9055556,804,-9999,-9999,834,842,822,848
39.6611111,-107.7799988,760,806,-9999,766,781,751,787
39.6644444,-122.6380556,609,-9999,-9999,630,616,619,612
39.7091667,-123.2994444,623,632,-9999,629,625,621,620
39.7208333,-107.6555556,648,713,698,679,702,669,689
39.7241667,-105.2502778,659,-9999,-9999,674,683,677,687
39.7313889,-123.3163889,615,596,-9999,617,601,611,594
39.7591667,-110.9144444,756,-9999,-9999,789,804,784,800
39.7794444,-120.5947222,620,-9999,-9999,634,632,636,600
39.7891667,-119.6863889,749,-9999,-9999,760,776,747,795
39.7986111,-112.2722222,827,856,872,823,842,818,854
39.8358333,-106.0458333,568,616,613,594,613,583,611
39.8447222,-105.5163889,580,-9999,-9999,638,626,621,632
39.8638889,-107.5869444,565,605,620,596,611,606,603
39.8713889,-121.6155556,633,607,-9999,616,601,628,596
39.8908333,-106.0363889,583,623,-9999,612,610,605,619
39.91500092,-108.8877778,810,-9999,-9999,828,834,815,846
39.9338889,-110.8619806,736,-9999,-9999,768,765,753,787
39.9719444,-110.3824997,776,840,-9999,802,816,790,822
39.9733333,-120.9419444,628,611,-9999,618,612,628,593
40.0072222,-107.5697222,680,724,736,695,709,680,716
40.0180556,-105.3608333,639,-9999,-9999,661,664,658,669
40.0494444,-120.0272222,675,-9999,-9999,685,682,670,674
40.0563889,-108.2994444,766,838,-9999,792,791,771,818
40.0605556,-112.3252778,821,858,-9999,825,860,826,864
40.0716667,-117.8488889,764,-9999,-9999,769,779,754,790
40.0758333,-106.5611111,520,607,-9999,604,610,592,606
40.13499832,-111.5327778,698,-9999,-9999,709,708,708,708
40.15499878,-111.5405556,704,728,-9999,712,711,713,711
40.1863889,-123.5894444,587,577,584,586,583,590,581
40.1927778,-108.2925034,774,842,-9999,790,803,791,824
40.2002778,-107.0952778,604,668,678,661,658,634,665
40.2013889,-121.1472222,615,642,633,640,637,628,630
40.2163889,-123.7808333,590,564,560,580,579,588,566
40.2672222,-105.8316667,598,661,657,623,642,623,652
40.2672222,-105.8324966,598,661,657,623,642,623,652
40.2688889,-121.8680556,608,-9999,-9999,612,608,613,610
40.3011111,-111.625,688,692,-9999,696,699,688,691
40.3077778,-121.8113889,596,-9999,-9999,613,603,604,597
40.3119444,-122.7913889,631,-9999,-9999,631,622,630,621
40.3161111,-121.0938889,625,634,-9999,638,631,633,627
40.3291667,-120.5355556,711,747,-9999,729,721,727,749
40.33750153,-123.0655556,609,-9999,-9999,606,589,603,567
40.3488889,-116.9855556,774,834,-9999,779,790,767,797
40.3663889,-106.7827778,611,659,-9999,638,660,624,664
40.3766667,-105.5955556,621,-9999,-9999,648,647,646,657
40.3769444,-108.5219444,778,-9999,-9999,797,798,780,820
40.3777778,-121.3269444,615,-9999,-9999,623,618,625,607
40.40000153,-109.1500015,807,-9999,-9999,824,825,808,-9999
40.4291667,-123.5005556,601,591,587,601,593,599,588
40.4652778,-123.5313889,599,603,-9999,602,597,605,597
40.4658333,-120.7580556,642,-9999,-9999,641,635,636,628
40.4697222,-109.0311111,783,842,-9999,803,809,785,838
40.4722222,-116.8799973,784,-9999,-9999,783,802,772,815
40.4780556,-106.8366667,659,696,718,699,678,674,703
40.5052778,-123.3433333,620,591,-9999,621,622,627,594
40.5102778,-106.0247222,602,648,655,622,641,614,654
40.5272222,-121.9100037,589,563,-9999,606,582,609,568
40.5347222,-106.7836111,563,625,609,615,624,607,606
40.5397222,-121.5749969,608,630,-9999,639,644,609,631
40.5436111,-110.3304083,706,767,774,727,745,721,754
40.5463889,-121.5797222,601,622,628,634,634,617,633
40.5463889,-117.5752778,808,856,864,813,837,816,857
40.55749893,-116.6902778,730,-9999,-9999,738,747,728,770
40.56499863,-123.1694444,654,622,-9999,640,646,656,627
40.5727778,-111.7744444,693,714,-9999,693,714,705,715
40.5830556,-120.5358333,674,-9999,-9999,685,688,676,686
40.5883333,-108.6733333,765,-9999,-9999,787,792,774,803
40.6016667,-111.0519444,568,657,651,635,638,627,652
40.61500168,-116.1633333,735,842,-9999,758,761,729,803
40.6172222,-120.8722222,630,607,-9999,646,647,637,612
40.6244444,-109.8010111,674,729,-9999,698,719,688,724
40.6280556,-112.6719444,830,870,875,845,858,822,870
40.6358333,-122.4219444,593,589,-9999,588,583,584,588
40.6361111,-122.4219444,599,598,-9999,589,586,587,591
40.6722222,-95.6916667,653,734,747,674,701,683,708
40.6936111,-122.4272222,607,-9999,-9999,605,599,611,575
40.7169444,-116.1386111,794,849,862,791,820,791,846
40.7277778,-122.9261111,636,611,-9999,650,647,643,635
40.7283333,-122.0199966,611,569,-9999,608,587,627,561
40.7283333,-122.9261111,641,-9999,-9999,643,643,644,620
40.7313889,-120.3161111,711,-9999,-9999,728,726,707,739
40.7422222,-123.2491667,616,-9999,-9999,626,613,634,609
40.7516667,-122.9041667,644,613,-9999,642,630,641,625
40.7519444,-122.9041667,644,613,-9999,642,630,641,625
40.75749969,-107.8536111,735,751,766,744,732,740,749
40.76250076,-105.6188889,601,-9999,-9999,646,641,649,653
40.7663889,-120.7302778,674,-9999,-9999,680,689,685,682
40.7811111,-109.5533333,616,671,-9999,648,660,639,665
40.7897222,-122.8938889,643,-9999,-9999,633,609,639,594
40.8119444,-121.3130556,651,651,-9999,670,658,664,648
40.8352778,-123.5997222,596,569,-9999,592,594,592,575
40.8358333,-106.9819444,579,624,630,637,624,627,628
40.8477778,-115.8436111,732,818,-9999,742,759,739,787
40.8483333,-116.0697222,738,847,-9999,743,771,735,802
40.8505556,-109.7141667,699,731,-9999,708,736,701,737
40.8533333,-122.4077778,654,-9999,-9999,642,629,644,565
40.8622222,-122.8158333,635,601,-9999,620,610,634,596
40.8691667,-123.8499985,570,524,541,539,516,532,525
40.8708333,-122.3897222,633,606,-9999,621,609,635,575
40.8711111,-109.5456611,719,788,-9999,736,754,731,768
40.8847222,-110.8291667,569,665,665,619,636,600,636
40.8883333,-109.4519444,773,-9999,-9999,792,798,776,800
40.8930556,-123.5180556,603,589,-9999,600,598,606,586
40.90999985,-109.4413889,772,828,-9999,793,800,772,821
40.91249847,-121.6333333,634,-9999,-9999,627,673,638,663
40.9127778,-121.6333333,638,-9999,-9999,631,672,638,661
40.9158333,-122.4347222,659,-9999,-9999,632,626,658,567
40.9172222,-106.4469444,548,624,-9999,597,615,603,614
40.9683333,-117.8022222,776,867,868,803,823,780,866
41.0202778,-109.4313889,808,-9999,-9999,824,836,806,849
41.0355556,-115.0524979,705,704,-9999,716,711,706,702
41.04750061,-107.8080556,808,849,830,815,822,800,842
41.0655556,-121.2194444,650,-9999,-9999,672,667,656,652
41.0741667,-106.1311111,582,654,-9999,624,645,610,648
41.0791667,-109.2925034,652,734,722,695,716,670,736
41.0969444,-106.4805556,708,762,-9999,711,705,706,718
41.09749985,-109.2652778,684,755,-9999,697,714,691,745
41.10749817,-121.0019444,675,-9999,-9999,680,678,678,678
41.11000061,-114.8108333,785,806,814,799,778,786,773
41.1202778,-114.9369444,805,856,871,810,824,809,840
41.1766667,-111.9297222,688,719,730,697,692,699,697
41.1963889,-107.2152778,634,666,-9999,660,675,664,669
41.2180556,-123.5308333,612,-9999,-9999,613,609,608,596
41.2244444,-111.8636111,655,662,660,662,659,649,661
41.23500061,-120.4033333,691,-9999,-9999,710,718,707,731
41.2472222,-105.4305556,605,695,-9999,669,680,665,694
41.2619444,-122.0405556,616,618,-9999,618,614,615,618
41.2694444,-123.1875,588,-9999,-9999,581,577,593,589
41.2888889,-109.2444444,807,837,-9999,814,838,801,844
41.2936111,-122.0544444,604,606,-9999,604,605,604,602
41.3044444,-110.7358333,776,828,828,799,810,773,832
41.3088889,-107.5738889,747,-9999,-9999,778,791,765,814
41.3447222,-120.5041667,701,771,-9999,726,731,710,745
41.3505556,-122.2947222,609,596,-9999,613,608,618,612
41.3547222,-106.1677778,581,647,640,611,616,596,627
41.3672222,-109.3208333,809,840,-9999,819,837,803,848
41.3702778,-111.9052778,665,684,675,664,657,670,686
41.3833333,-107.7327778,758,826,-9999,794,803,775,834
41.4197222,-95.8508333,699,729,768,703,720,696,688
41.41999817,-109.1347222,754,810,-9999,758,782,759,806
41.4352778,-122.3572222,622,611,-9999,627,611,616,628
41.4466667,-121.1702778,646,671,-9999,663,661,653,656
41.4527778,-109.1875,781,-9999,-9999,810,814,797,825
41.5355556,-113.6900024,829,851,832,837,840,837,839
41.5619444,-121.1413889,655,-9999,-9999,668,668,662,671
41.5994444,-122.9438889,636,-9999,-9999,652,649,647,641
41.6002778,-119.9744444,707,813,-9999,722,740,718,763
41.65499878,-110.0452778,807,848,-9999,834,854,808,855
41.67750168,-95.9361111,724,750,770,725,731,719,746
41.7116667,-122.6588889,652,642,-9999,645,647,647,648
41.7194444,-121.7119444,685,-9999,-9999,697,703,669,699
41.7533333,-111.2805556,750,789,-9999,775,800,757,810
41.7652778,-106.0872222,758,844,843,785,788,762,849
41.7708333,-111.7811111,718,757,785,719,741,717,739
41.7966667,-110.5308333,761,812,-9999,777,793,769,810
41.8016667,-122.1097222,610,631,-9999,641,626,623,628
41.8144444,-110.7436111,770,841,839,787,802,773,833
41.8338889,-120.3477778,644,-9999,-9999,657,658,655,663
41.8352778,-120.3486111,646,-9999,-9999,664,656,664,660
41.8386111,-120.8530556,628,653,-9999,648,650,646,650
41.8386111,-122.8502778,634,-9999,-9999,646,644,636,649
41.8483333,-123.3361111,602,596,-9999,596,593,603,585
41.8497222,-124.0074997,530,522,-9999,549,541,557,541
41.8672222,-117.6813889,766,844,861,779,805,775,840
41.9333333,-107.3300018,784,849,-9999,804,821,784,846
42.02500153,-110.4847222,744,811,830,774,783,748,805
42.0508333,-120.0286111,702,-9999,-9999,702,711,701,726
42.0691667,-123.0188889,546,595,-9999,621,615,604,597
42.07749939,-115.1822222,732,791,-9999,743,750,731,778
42.0847222,-119.8366667,794,840,-9999,807,816,802,827
42.0966667,-119.6661111,708,-9999,-9999,711,733,712,-9999
42.1077778,-119.7472222,780,-9999,-9999,781,786,778,-9999
42.11750031,-123.1183333,583,601,-9999,614,598,610,601
42.13249969,-110.8855556,706,802,797,715,737,713,774
42.1641667,-114.1927778,623,673,-9999,662,660,644,679
42.1791667,-114.2858333,619,663,-9999,658,651,651,654
42.1880556,-114.4922222,713,770,-9999,720,723,717,740
42.18999863,-121.1652778,667,-9999,-9999,684,686,675,685
42.1916667,-114.0772222,679,699,-9999,703,697,691,710
42.1916667,-114.0061111,740,-9999,-9999,756,758,747,777
42.1961111,-112.5802778,758,821,822,760,775,751,801
42.2141667,-117.7680556,777,824,821,778,795,765,822
42.2147222,-110.7300034,615,691,719,652,658,629,672
42.21500015,-113.9644444,760,810,-9999,773,790,770,784
42.2469444,-118.9458333,760,818,-9999,777,788,774,807
42.2561111,-110.7436111,581,662,682,628,622,605,623
42.2780556,-122.5833333,497,590,-9999,628,612,610,591
42.3122222,-113.4394444,758,-9999,-9999,770,780,764,791
42.3202778,-113.6152778,637,655,-9999,650,665,644,659
42.3402778,-107.5730556,778,832,-9999,790,800,777,818
42.3538889,-123.0727778,539,585,-9999,605,601,608,600
42.4044444,-108.9155556,748,826,-9999,766,779,753,815
42.4158333,-105.3594444,661,-9999,-9999,711,701,686,733
42.4372222,-113.0224991,673,711,-9999,717,714,692,703
42.4411111,-115.8855556,784,856,-9999,806,827,794,849
42.4808333,-115.0025024,721,833,-9999,762,792,735,833
42.4905556,-110.5266667,673,745,750,707,698,686,737
42.52500153,-122.3583333,489,576,-9999,613,604,602,591
42.5338889,-108.7922222,677,700,-9999,666,667,671,686
42.5466667,-119.6572222,729,751,-9999,731,750,737,753
42.5597222,-109.0683333,657,711,-9999,677,683,672,701
42.5619444,-109.0680556,619,691,-9999,647,669,655,673
42.5722222,-109.5711111,708,814,-9999,749,757,726,799
42.5769444,-121.8938889,604,-9999,-9999,653,661,650,648
42.6511111,-108.4475021,784,838,-9999,795,809,786,819
42.6888889,-96.5511111,720,781,780,747,756,730,760
42.69499969,-96.56500244,734,771,770,733,750,720,758
42.7019444,-106.3761111,736,-9999,-9999,762,757,745,799
42.74250031,-111.7922222,736,809,820,745,754,736,797
42.7483333,-110.4386111,699,789,801,717,734,705,766
42.80500031,-116.6316667,684,713,-9999,691,699,679,696
42.8261111,-109.9186111,769,849,847,780,816,768,833
42.8333333,-112.4049988,779,837,833,789,808,789,819
42.8486111,-117.6069444,739,807,-9999,760,766,755,811
42.8769444,-114.4361111,712,784,-9999,723,747,721,762
42.9130556,-109.7455556,639,724,731,679,693,655,726
42.9486111,-108.6105556,803,859,-9999,830,832,813,857
42.9561111,-115.2347222,759,810,-9999,781,775,762,800
42.9672222,-115.4569444,771,826,830,785,801,766,817
42.9730556,-122.3244444,516,571,565,546,546,551,566
42.9780556,-109.1222222,715,-9999,-9999,723,736,715,736
43.0461111,-106.3330556,754,836,840,777,794,753,828
43.0883333,-115.9663889,771,827,823,789,798,777,823
43.1641667,-112.9475021,756,-9999,-9999,784,816,765,832
43.1780556,-105.1558333,753,849,-9999,789,796,751,845
43.2202778,-110.4230556,683,753,751,723,711,683,734
43.2533333,-111.8077778,672,727,737,692,715,687,723
43.2805556,-114.3088889,685,744,-9999,692,699,686,712
43.3452778,-103.5866667,710,-9999,-9999,727,727,713,751
43.3702778,-120.8822222,742,823,862,782,799,753,810
43.4186111,-112.7905556,777,846,-9999,797,836,788,843
43.42499924,-119.3311111,755,-9999,-9999,761,772,756,795
43.4255556,-103.5919444,717,-9999,-9999,745,760,729,772
43.4422222,-116.4352778,733,820,817,754,766,726,806
43.4433333,-115.3536111,633,652,647,644,640,647,660
43.4647222,-110.7327778,643,693,714,655,677,651,677
43.4791667,-104.0030556,710,773,-9999,740,760,727,778
43.5033333,-86.15499878,486,621,611,512,523,496,530
43.5241667,-115.1955556,573,618,-9999,609,617,591,627
43.5352778,-114.8622222,625,646,-9999,631,637,639,653
43.5394444,-111.9038889,766,818,-9999,778,791,767,807
43.5605556,-107.3974991,740,803,-9999,763,765,740,781
43.5744444,-103.7169444,691,-9999,-9999,725,732,710,767
43.5777778,-111.0599976,590,670,685,654,656,645,650
43.5802778,-103.4938889,669,749,-9999,714,715,702,733
43.5897222,-114.2997222,675,702,-9999,684,699,688,679
43.6055556,-115.2227778,575,628,-9999,634,630,634,638
43.6197222,-114.9002778,647,663,-9999,660,662,653,664
43.6397222,-110.7661111,632,696,718,663,671,650,675
43.6794444,-109.6111111,689,732,-9999,702,713,688,741
43.6994444,-103.4838889,611,705,-9999,676,677,672,709
43.7072222,-110.7188889,655,717,719,666,687,666,694
43.7116667,-103.4433333,553,670,-9999,630,639,636,661
43.7238889,-103.9313889,693,779,-9999,736,753,695,767
43.7330556,-85.7566667,525,623,638,546,554,525,597
43.7458333,-120.4777778,712,-9999,-9999,719,729,710,756
43.7486111,-110.6233333,675,724,733,693,703,679,719
43.75,-103.6330556,582,688,-9999,647,671,646,684
43.7702778,-103.2847222,688,783,-9999,728,733,709,776
43.7711111,-116.1030556,593,-9999,-9999,624,619,609,613
43.7786111,-114.4180556,637,680,707,666,670,669,682
43.7961111,-103.4433333,555,672,-9999,631,643,634,664
43.8011111,-117.9438889,739,-9999,-9999,748,770,733,795
43.8072222,-104.0905556,706,-9999,-9999,749,746,732,764
43.8086111,-118.9597222,581,664,-9999,658,661,660,665
43.8183333,-119.6819444,588,-9999,-9999,668,663,662,673
43.8208333,-110.5902778,648,706,717,672,686,663,692
43.8386111,-110.5016667,630,691,698,656,665,645,669
43.8441667,-110.3555556,624,705,717,667,683,653,681
43.8472222,-115.8855556,548,621,-9999,625,619,611,624
43.8491667,-107.9227778,811,850,-9999,824,841,798,863
43.8513889,-110.5641667,620,681,-9999,643,646,625,660
43.8705556,-116.7774963,712,776,783,727,719,714,744
43.8936111,-108.8555556,721,756,-9999,731,737,722,744
43.8941667,-115.9336111,578,626,-9999,627,621,629,631
43.9133333,-117.1783333,731,858,855,753,743,726,783
43.9352778,-85.8783333,535,630,631,544,559,520,569
43.9394444,-103.2741667,671,779,-9999,701,715,678,773
43.9422222,-109.1972222,682,702,-9999,675,700,677,699
43.9794444,-103.4241667,642,729,-9999,683,697,660,727
44.03749847,-109.1805556,633,689,-9999,646,665,648,662
44.0463889,-121.4041667,611,687,-9999,686,688,679,682
44.0594444,-120.7755556,712,-9999,-9999,718,724,712,744
44.0669444,-112.2338889,771,821,821,796,813,761,813
44.0694444,-103.3097222,683,771,-9999,725,724,691,744
44.0911111,-115.8805556,549,621,-9999,642,636,637,621
44.1047222,-115.1530556,604,624,-9999,620,633,611,636
44.11000061,-110.6847222,598,652,668,612,633,595,634
44.1133333,-86.3744444,497,617,638,516,545,529,552
44.1208333,-111.8077778,659,765,-9999,688,685,677,712
44.1258333,-103.8438889,562,752,-9999,647,695,644,717
44.1580556,-113.8738889,759,818,815,766,796,750,806
44.1630556,-85.8052778,544,608,605,549,563,524,590
44.1705556,-114.9272222,657,715,713,673,676,653,698
44.1897222,-103.5105556,591,697,727,651,662,648,679
44.1922222,-109.5461111,724,808,808,759,773,736,798
44.2172222,-106.1938889,774,-9999,-9999,820,821,801,827
44.25999832,-121.1302778,736,-9999,-9999,736,741,738,-9999
44.2644444,-107.9694444,791,816,819,817,813,796,817
44.2669444,-103.3858333,669,749,-9999,711,721,682,732
44.2702778,-117.1347222,756,813,-9999,766,759,750,783
44.2777778,-104.1130556,556,725,754,646,654,633,698
44.2833333,-114.1333333,731,799,794,749,759,727,786
44.3005556,-109.2472222,614,649,-9999,650,653,641,660
44.3011111,-107.5069444,756,-9999,-9999,764,786,751,785
44.3066667,-106.9791667,640,683,-9999,668,668,663,690
44.3169444,-121.6063889,648,701,-9999,677,683,682,682
44.3188889,-108.8963889,743,832,-9999,777,797,766,826
44.3355556,-106.8180556,726,-9999,-9999,744,750,738,758
44.3491667,-103.7958333,559,658,-9999,630,625,621,640
44.3511111,-106.5297222,767,-9999,-9999,805,809,786,821
44.3516667,-113.7936111,755,806,813,768,782,756,788
44.3719444,-68.2583333,450,532,-9999,476,517,462,531
44.40999985,-83.3622222,615,669,677,642,633,610,646
44.4247222,-83.5836111,494,624,670,526,544,499,565
44.4444444,-109.0388889,767,812,820,799,818,768,817
44.4461111,-83.4219444,605,668,676,592,625,571,631
44.4472222,-121.1286111,695,795,-9999,704,727,695,735
44.45500183,-109.8349991,664,713,-9999,687,698,669,705
44.4636111,-109.6688889,732,784,-9999,740,753,737,793
44.4794444,-110.1558333,564,629,-9999,582,596,572,603
44.4827778,-103.9305556,592,759,-9999,686,731,676,733
44.4911111,-110.0002778,586,644,-9999,624,633,605,651
44.4958333,-114.4344444,636,691,681,626,659,627,650
44.4966667,-83.6030556,539,646,670,555,565,520,589
44.5086111,-105.4394444,744,-9999,-9999,773,787,742,803
44.5272222,-118.3194444,609,671,-9999,662,663,659,659
44.52999878,-117.4186111,712,798,-9999,725,743,712,770
44.5502778,-84.2102778,511,602,625,528,543,496,559
44.5563889,-84.1586111,498,606,610,520,537,484,552
44.5655556,-84.0894444,505,605,616,522,541,512,547
44.5669444,-83.9686111,513,609,632,530,549,498,555
44.5738889,-109.2613889,565,669,-9999,644,642,621,665
44.6138889,-116.3213889,622,648,-9999,659,656,656,643
44.61500168,-107.5113889,581,643,-9999,641,656,615,650
44.61500168,-84.3197222,516,610,600,522,513,482,543
44.6330556,-113.2663889,773,837,830,780,801,776,837
44.6419444,-115.6324997,577,567,-9999,584,582,577,574
44.6683333,-114.2283333,732,802,-9999,770,778,744,807
44.6686111,-111.0991667,580,647,670,595,631,595,651
44.6777778,-84.1288889,542,667,686,576,586,550,616
44.6786111,-109.6533333,625,701,-9999,664,673,643,679
44.6883333,-116.9244444,623,-9999,-9999,670,661,657,648
44.7019444,-117.9763889,561,-9999,-9999,654,651,647,640
44.7116667,-110.5575027,551,582,592,580,587,560,584
44.7516667,-109.3788889,634,749,-9999,686,700,652,732
44.7538889,-109.4130556,709,778,-9999,738,752,707,774
44.7577778,-117.9711111,606,-9999,-9999,652,652,639,649
44.7638889,-104.4280556,695,786,-9999,731,748,721,763
44.7905556,-107.5272222,585,642,-9999,645,654,614,648
44.8125,-117.6647222,715,-9999,-9999,730,747,714,776
44.8205556,-107.3247222,684,-9999,-9999,726,733,708,765
44.8394444,-120.9325027,695,-9999,-9999,710,740,702,761
44.8430556,-108.0947222,809,839,-9999,833,840,807,830
44.8472222,-109.5975037,665,743,-9999,711,713,682,735
44.84749985,-116.4266667,641,-9999,-9999,668,659,659,648
44.8686111,-116.6672222,597,640,-9999,644,636,642,631
44.9155556,-117.3833333,618,-9999,-9999,666,668,660,663
44.9241667,-110.1108333,545,664,653,612,615,601,628
44.9280556,-109.7147222,607,687,-9999,656,657,631,667
44.93500137,-113.7758333,655,701,-9999,688,703,670,717
44.9355556,-109.6272222,579,633,-9999,570,601,590,613
44.9383333,-110.6202778,641,714,709,675,685,661,718
44.9436111,-116.1877778,592,604,-9999,638,628,630,617
44.9722222,-115.7302778,599,-9999,-9999,625,624,604,622
45.02500153,-115.9330556,597,577,-9999,613,608,591,577
45.0661111,-106.0213889,736,-9999,-9999,771,779,744,783
45.0808333,-109.3949966,618,687,-9999,653,663,633,683
45.1091667,-113.8502778,751,815,-9999,768,783,755,799
45.1619444,-117.0330556,568,606,627,624,615,593,617
45.24250031,-109.4747222,648,685,-9999,673,670,666,702
45.2433333,-106.6963889,763,826,-9999,791,792,779,814
45.28250122,-111.1522222,604,645,658,625,631,599,627
45.2888889,-110.5391667,632,679,-9999,662,665,662,692
45.3522222,-109.9058333,644,-9999,-9999,676,684,660,697
45.3655556,-120.7883333,687,757,-9999,691,708,691,711
45.3713889,-103.1469444,711,769,-9999,716,743,700,764
45.4205556,-114.0180556,687,770,-9999,733,735,696,763
45.4330556,-116.6930556,605,624,-9999,633,631,634,627
45.4511111,-111.2188889,642,714,-9999,684,699,652,688
45.4794444,-112.0833333,599,692,694,660,669,655,690
45.4847222,-110.2174988,612,694,-9999,665,677,658,696
45.49750137,-106.0247222,756,818,-9999,783,800,762,801
45.5311111,-114.0263889,628,691,-9999,669,674,646,699
45.6172222,-113.9680556,633,660,670,645,643,645,652
45.6238889,-104.1933333,715,791,-9999,722,750,709,762
45.6272222,-116.0511111,581,605,-9999,644,632,616,617
45.6294444,-109.8302778,709,-9999,-9999,736,736,707,757
45.6352778,-116.1963889,643,704,-9999,686,688,677,693
45.6438889,-105.9822222,724,791,-9999,757,758,733,768
45.6447222,-116.0111111,592,600,606,631,616,594,597
45.6816667,-117.2063889,585,-9999,-9999,657,655,658,655
45.6927778,-113.9697222,551,583,-9999,578,580,576,576
45.7038889,-114.3369444,601,643,-9999,629,642,644,640
45.7133333,-115.3394444,582,616,655,644,623,613,635
45.7169444,-114.5036111,596,592,588,605,597,598,584
45.87749863,-104.4902778,713,796,-9999,747,759,725,788
45.9016667,-86.9297222,548,620,652,566,579,556,592
45.9288889,-113.7422222,599,642,657,644,653,624,642
46.0536111,-115.3086111,588,623,-9999,629,628,620,611
46.0541667,-84.9544444,512,625,632,552,581,544,617
46.06499863,-115.2933333,566,590,609,632,616,605,605
46.08000183,-115.2513889,591,586,594,627,612,613,593
46.0930556,-86.54750061,466,580,580,519,539,494,548
46.1013889,-86.3955556,481,614,614,527,579,499,572
46.1013889,-106.0919444,760,829,-9999,778,792,759,799
46.15000153,-86.8363889,482,596,587,497,511,485,551
46.2455556,-119.5294444,747,814,-9999,752,747,747,771
46.2608333,-108.0997222,775,-9999,-9999,791,807,774,815
46.2891667,-86.6963889,482,588,600,513,522,492,545
46.29000092,-116.6875,611,-9999,-9999,666,664,665,666
46.3005556,-104.9766667,750,803,-9999,761,766,750,785
46.3163889,-111.6997222,698,763,-9999,716,718,693,726
46.3202778,-84.8327778,462,573,592,504,537,498,561
46.3447222,-111.1522222,691,731,-9999,720,726,690,723
46.3458333,-118.9311111,742,809,802,743,743,740,785
46.35749817,-111.0961111,664,718,702,698,726,685,705
46.3711111,-89.2047222,484,595,601,508,554,487,571
46.3966667,-84.8327778,492,590,605,500,554,507,575
46.4188889,-84.6630556,489,610,628,527,561,506,594
46.4316667,-108.6797222,767,-9999,-9999,781,813,774,822
46.4394444,-114.2269444,597,662,652,640,645,637,642
46.45750046,-112.1663889,600,675,-9999,651,656,635,678
46.4830556,-111.8636111,664,728,-9999,696,715,672,711
46.6113889,-112.2672222,633,684,-9999,666,679,656,680
46.6286111,-88.6272222,462,606,645,501,544,498,580
46.6905556,-111.7391667,692,-9999,-9999,736,747,718,754
46.71500015,-114.3633333,566,598,615,608,604,591,594
46.72000122,-114.3583333,584,615,614,606,617,607,608
46.7205556,-115.2600021,565,585,582,625,623,616,583
46.7277778,-114.3561111,595,613,622,617,614,597,622
46.7358333,-110.8491667,607,718,-9999,706,709,682,752
46.7752778,-119.8847222,753,810,-9999,764,776,742,790
46.7786111,-104.5833333,772,-9999,-9999,788,796,780,808
46.7972222,-115.1161111,563,590,588,609,627,590,589
46.8222222,-109.2613889,609,724,-9999,708,722,667,738
46.8505556,-109.5088889,637,736,-9999,700,723,674,741
46.8508333,-115.6338889,551,582,588,625,611,612,584
46.87552261,-113.343993,601,651,653,636,639,628,638
46.879283,-113.310282,616,646,657,635,649,623,663
46.882002,-113.310284,605,658,661,626,647,624,665
46.882649,-113.343217,623,659,677,650,653,630,662
46.886507,-113.296316,604,652,664,631,640,610,648
46.892029,-113.298578,604,646,653,627,634,617,641
46.9058333,-115.6819444,568,573,558,623,617,591,579
46.9088889,-110.6697222,581,663,-9999,631,647,609,658
46.9836111,-107.8452778,723,-9999,-9999,734,723,734,782
47.0616667,-109.1947222,714,754,770,734,751,715,757
47.0897222,-120.3997222,695,-9999,-9999,703,704,693,726
47.0936111,-114.4038889,575,654,670,632,642,629,648
47.0944444,-114.4111111,571,656,659,635,639,627,654
47.0958333,-114.4147222,579,651,668,639,638,630,663
47.0983333,-110.8341667,610,738,-9999,721,737,682,770
47.1197222,-120.4027778,653,-9999,-9999,680,680,659,671
47.1847222,-109.2149963,645,700,-9999,694,702,675,713
47.2469444,-108.3697222,752,-9999,-9999,766,781,761,777
47.3002778,-118.2505556,726,-9999,-9999,755,760,733,765
47.3033333,-115.8333333,554,583,568,598,611,567,592
47.3336111,-117.8636111,688,765,-9999,708,713,697,733
47.3908333,-115.6522222,547,589,586,600,617,565,604
47.3969444,-113.7433333,591,640,-9999,606,611,602,617
47.4136111,-118.7394444,745,811,804,751,756,759,774
47.4352778,-119.8033333,725,-9999,-9999,731,743,724,789
47.4377778,-116.0669444,547,593,-9999,627,634,599,619
47.4783333,-112.8636111,599,671,673,630,642,616,654
47.5330556,-118.5113889,723,-9999,-9999,728,756,724,776
47.5344444,-113.7183333,620,669,693,634,658,638,665
47.5625,-107.5286111,764,-9999,-9999,774,801,764,810
47.6216667,-91.3347222,537,600,607,549,557,537,572
47.6502778,-108.6738889,699,-9999,-9999,689,694,697,736
47.6516667,-118.3969444,711,793,-9999,722,724,711,730
47.6655556,-115.4925003,552,645,-9999,614,632,586,636
47.6769444,-116.6149979,531,589,576,636,626,623,603
47.8011111,-90.9536111,520,585,608,528,546,505,565
47.8019444,-90.86750031,514,602,617,540,556,517,580
47.8230556,-115.7624969,557,598,-9999,615,619,582,617
47.8891667,-116.1444444,540,608,594,640,631,598,613
47.92250061,-112.7574997,600,696,-9999,658,668,629,683
47.9255556,-124.5205556,469,506,498,465,472,470,490
47.9302778,-108.5016667,672,745,-9999,742,731,693,750
47.9466667,-113.8700027,581,637,-9999,591,608,565,614
47.9561111,-124.3852778,498,514,536,485,491,502,512
47.9888889,-114.3230556,575,692,711,635,635,619,672
48.0436111,-90.4563889,512,594,599,526,548,510,571
48.0888889,-124.2672222,495,515,537,489,502,478,502
48.1588889,-115.7744444,575,606,-9999,599,610,583,611
48.1836111,-117.0472222,595,665,669,644,649,637,653
48.2294444,-116.4686111,551,613,607,625,626,601,625
48.2986111,-117.4052778,587,654,658,650,655,631,649
48.3408333,-113.9394444,583,633,658,584,596,583,592
48.3458333,-116.2305556,528,-9999,-9999,535,557,531,608
48.3677778,-115.4625015,615,664,-9999,611,640,603,652
48.3833333,-115.5669444,633,645,664,625,658,622,650
48.3883333,-113.9641667,590,631,-9999,605,615,580,600
48.4058333,-114.7019444,597,638,667,571,595,560,605
48.4136111,-114.6763889,588,649,664,566,606,564,601
48.5008333,-115.8488889,597,641,639,616,633,609,643
48.5022222,-113.9863889,595,658,668,597,611,572,623
48.5205556,-120.1430556,630,672,-9999,664,669,658,671
48.5388889,-115.8402778,576,608,-9999,615,607,582,604
48.5802778,-117.0077778,566,608,598,625,628,610,608
48.5822222,-116.2838889,580,625,623,626,627,600,622
48.6172222,-120.1074982,641,-9999,-9999,659,661,650,649
48.69499969,-116.5633333,571,612,599,607,617,594,608
48.7816667,-116.2247222,600,630,630,627,625,605,628
48.7977778,-117.1258333,561,584,-9999,623,618,578,611
48.8263889,-116.7102778,557,620,-9999,629,628,587,618
48.8269444,-116.7024994,560,612,608,600,610,569,617
48.8405556,-115.7163889,619,614,627,590,617,586,617
48.8708333,-116.0852778,579,611,-9999,598,614,576,609
